{"schemaVersion":"1.0","appDefinitionTemplate":{"id":"/providers/Microsoft.PowerApps/apps/","type":"Microsoft.PowerApps/apps","tags":{"primaryDeviceWidth":"1366","primaryDeviceHeight":"768","sienaVersion":"20211107T152703Z-3.21103.27.0","deviceCapabilities":"","supportsPortrait":"true","supportsLandscape":"true","primaryFormFactor":"Tablet","publisherVersion":"3.21103.27","minimumRequiredApiVersion":"2.2.0","hasComponent":"false","hasUnlockedComponent":"false","isUnifiedRootApp":"false"},"properties":{"appVersion":"2021-11-07T15:27:03Z","lifeCycleId":"Published","createdByClientVersion":{"major":3,"minor":21103,"build":27,"revision":0,"majorRevision":0,"minorRevision":0},"minClientVersion":{"major":3,"minor":21103,"build":27,"revision":0,"majorRevision":0,"minorRevision":0},"backgroundColor":"rgba(255, 130, 67, 1)","backgroundImageUri":"/56720527804817285/N44bae956-ee87-4fc9-8290-47b8fe27f175-logoSmallFile","displayName":"Covi Org","description":"Covi Org is a Power App which provides your the ability to view trends and tracker your employees and alert co-workers in case of emergency.","commitMessage":"final-working","appUris":{"documentUri":{"value":"/56720527804817285/Na2174bbe-22eb-4824-88f4-613cd97c1df0-document.msapp"},"imageUris":[]},"createdTime":"0001-01-01T00:00:00Z","lastModifiedTime":"0001-01-01T00:00:00Z","sharedGroupsCount":0,"sharedUsersCount":0,"icons":{"smallIconUri":"/56720527804817285/N6fcf7ea6-3bd2-4dc8-9c10-e31a7d5626d4-small.png","mediumIconUri":"/56720527804817285/Nd93cf430-e3ee-4e8d-b543-f20c6bc89060-medium.png","largeIconUri":"/56720527804817285/Nde82c59a-9f43-4976-8516-524152dc5410-large.png","wideIconUri":"/56720527804817285/N3fe34f88-abd5-4b9f-b650-c8cd4bc02219-wide.png"},"connectionReferences":{"90108575-7fc4-4ec2-81bd-b48f13328faa":{"id":"5c18e4e2-7765-4e9d-9d17-0fa1e43fa8cb","displayName":"Office 365 Users","iconUri":"https://connectoricons-prod.azureedge.net/releases/v1.0.1528/1.0.1528.2589/office365users/icon.png","dataSources":["Office365Users"],"dependencies":[],"dependents":[],"parameterHints":{},"parameterHintsV2":{},"isOnPremiseConnection":false,"bypassConsent":false,"dataSets":{},"apiTier":"Standard","isCustomApiConnection":false,"actions":["MyProfileV2"]},"d651890e-f0b7-4a70-8e22-91529fea008d":{"id":"3e682c5b-f62f-4f24-8be0-6aa7bae74eb6","displayName":"Logic flows","iconUri":"https://connectoricons-prod.azureedge.net/releases/v1.0.1438/1.0.1438.2324/logicflows/icon.png","dataSources":["GetAllEmployeeDetails"],"dependencies":["e4104967-df13-41cd-946f-af228fed33f5"],"dependents":[],"parameterHints":{"workflowName":{"value":"1d5f9c42-ec1f-41f2-af96-718411886067"},"workflowEntityId":{},"e4104967-df13-41cd-946f-af228fed33f5":{"value":"shared_documentdb"}},"parameterHintsV2":{"workflowName":{"value":"1d5f9c42-ec1f-41f2-af96-718411886067"},"workflowEntityId":{},"shared_documentdb":{"value":"e4104967-df13-41cd-946f-af228fed33f5"}},"isOnPremiseConnection":false,"bypassConsent":false,"dataSets":{},"apiTier":"Standard","isCustomApiConnection":false,"actions":["Run"]},"e4104967-df13-41cd-946f-af228fed33f5":{"id":"43a2200b-e740-4d09-b3cd-1111a3baee13","displayName":"Azure Cosmos DB","iconUri":"https://connectoricons-prod.azureedge.net/releases/v1.0.1530/1.0.1530.2592/documentdb/icon.png","dataSources":[],"dependencies":[],"dependents":["d651890e-f0b7-4a70-8e22-91529fea008d"],"parameterHints":{},"parameterHintsV2":{},"isOnPremiseConnection":false,"sharedConnectionId":"2656a4fc-5728-4f42-95a3-7677a68e37e4","bypassConsent":false,"dataSets":{},"apiTier":"Premium","isCustomApiConnection":false,"authenticationType":"keyBasedAuth"},"277e0e38-5af8-45a9-8c9e-4fbb3ed97414":{"id":"3e682c5b-f62f-4f24-8be0-6aa7bae74eb6","displayName":"Logic flows","iconUri":"https://connectoricons-prod.azureedge.net/releases/v1.0.1438/1.0.1438.2324/logicflows/icon.png","dataSources":["CO_Send_Adaptive_Card_emails"],"dependencies":["8f88600f-698c-4568-b2d2-4af7eaae4e4c"],"dependents":[],"parameterHints":{"workflowName":{"value":"279174d9-eb46-407c-a23b-276c149faedb"},"workflowEntityId":{},"8f88600f-698c-4568-b2d2-4af7eaae4e4c":{"value":"shared_office365"}},"parameterHintsV2":{"workflowName":{"value":"279174d9-eb46-407c-a23b-276c149faedb"},"workflowEntityId":{},"shared_office365":{"value":"8f88600f-698c-4568-b2d2-4af7eaae4e4c"}},"isOnPremiseConnection":false,"bypassConsent":false,"dataSets":{},"apiTier":"Standard","isCustomApiConnection":false,"actions":["Run"]},"8f88600f-698c-4568-b2d2-4af7eaae4e4c":{"id":"a8396600-aff4-4549-bd26-5ed33719d0e3","displayName":"Office 365 Outlook","iconUri":"https://connectoricons-prod.azureedge.net/releases/v1.0.1521/1.0.1521.2575/office365/icon.png","dataSources":[],"dependencies":[],"dependents":["277e0e38-5af8-45a9-8c9e-4fbb3ed97414"],"parameterHints":{},"parameterHintsV2":{},"isOnPremiseConnection":false,"bypassConsent":false,"dataSets":{},"apiTier":"Standard","isCustomApiConnection":false}},"databaseReferences":{},"almMode":"Environment","performanceOptimizationEnabled":true,"canConsumeAppPass":true,"executionRestrictions":{"isTeamsOnly":false,"dataLossPreventionEvaluationResult":{"status":"Compliant","lastEvaluationDate":"2021-10-30T13:23:46.3417894Z","violations":[],"violationsByPolicy":[],"violationErrorMessage":"The app uses the following connectors: shared_office365users."}}},"appType":"ClassicCanvasApp","appComponents":[]}}